<?xml version="1.0" encoding="utf-8"?>
<methodCall>
	<methodName>GenerateVoucher</methodName>
	<params>
		<param>
			<value>
				<struct>
					<member>
						<name>numberOfVouchers</name>
						<value>
							<i4>500</i4>
						</value>
					</member>
					<member>
						<name>activationCodeLength</name>
						<value>
							<i4>14</i4>
						</value>
					</member>
					<member>
						<name>currency</name>
						<value>
							<string>OMR</string>
						</value>
					</member>
					<member>
						<name>serialNumber</name>
						<value>
							<string>10981020000</string>
						</value>
					</member>
					<member>
						<name>value</name>
						<value>
							<string>10000</string>
						</value>
					</member>
					<member>
						<name>voucherGroup</name>
						<value>
							<string>EV10</string>
						</value>
					</member>
					<member>
						<name>expiryDate</name>
						<value>
							<dateTime.iso8601>20251028T00:00:00+0000</dateTime.iso8601>
						</value>
					</member>
					<member>
						<name>agent</name>
						<value>
							<string>ABUATA</string>
						</value>
					</member>
					<member>
						<name>networkOperatorId</name>
						<value>
							<string>main</string>
						</value>
					</member>

				</struct>
			</value>
		</param>
	</params>
</methodCall>
