<?xml version="1.0"?> 

<methodCall> 

    <methodName>GetGenerateVoucherTaskInfo</methodName> 

    <params> 

        <param> 

            <value> 

                <struct> 

                    <member> 

                        <name>networkOperatorId</name> 

                        <value><string>main</string></value> 

                    </member> 

                    <member> 

                        <name>taskId</name> 

                        <value><i4>609</i4></value> 

                    </member> 

                </struct> 

            </value> 

        </param> 

    </params> 

</methodCall>
