<?xml version="1.0"?>
<methodCall>
	<methodName>LoadVoucherBatchFile</methodName>
	<params>
		<param>
			<value>
				<struct>
					<member>
						<name>filename</name>
						<value>
							<string>VOUCHER_BATCH_20241210_00001</string>
						</value>
					</member>
					<member>
						<name>batchId</name>
						<value>
							<string>10902234100</string>
						</value>
					</member>
					<member>
					        <name>newState</name>
						<value><i4>0</i4></value>
					</member>

				</struct>
			</value>
		</param>
	</params>
</methodCall>
