<?xml version="1.0"?>
<methodCall>
	<methodName>LoadVoucherCheck</methodName>
	<params>
		<param>
			<value>
				<struct>
					<member>
						<name>networkOperatorId</name>
						<value>
							<string>main</string>
						</value>
					</member>
					<member>
						<name>serialNumberFirst</name>
						<value>
							<string>10981020000</string>
						</value>
					</member>
					<member>
						<name>serialNumberLast</name>
						<value>
							<string>10981020499</string>
						</value>
					</member>
				</struct>
			</value>
		</param>
	</params>
</methodCall>
